{"colors":{"255,255,255,1.00":{"color":{"mode":"RGB","value":{"r":255,"g":255,"b":255}},"usedIn":["effd2bdf-34c5-412c-a7c1-d8f2f12fc6a0","f8f7d303-c3dd-4029-9b88-eb51b1e2ee2d","073792cc-f884-4eb4-9cf5-dc7a30eeda19","439e3ed6-2a3e-4129-85ea-7b0e67c113d2","91f921b9-78f8-4337-998b-eda6d1bbc213","15afcdbf-b263-48dd-80a6-206b4bc0f651","f0add60a-7ff3-452b-96bc-ab9f73a7260c","29797ce5-33de-48eb-89d8-668bead1d8b9","10685ac5-3965-4f72-95cf-d9f15ea05c0d","a3adce3b-b5ed-4116-b813-d01422010054","f15f080d-f9e9-464e-8b23-66d08e6c8f78"],"skip":false,"isFromAsset":false},"0,0,0,1.00":{"color":{"mode":"RGB","value":{"r":0,"g":0,"b":0}},"usedIn":["073792cc-f884-4eb4-9cf5-dc7a30eeda19","91f921b9-78f8-4337-998b-eda6d1bbc213","15afcdbf-b263-48dd-80a6-206b4bc0f651","29797ce5-33de-48eb-89d8-668bead1d8b9","10685ac5-3965-4f72-95cf-d9f15ea05c0d","a3adce3b-b5ed-4116-b813-d01422010054","f15f080d-f9e9-464e-8b23-66d08e6c8f78"],"skip":false,"isFromAsset":false},"152,152,152,1.00":{"color":{"mode":"RGB","value":{"r":152,"g":152,"b":152}},"usedIn":["91f921b9-78f8-4337-998b-eda6d1bbc213","29797ce5-33de-48eb-89d8-668bead1d8b9"],"skip":false,"isFromAsset":false},"128,128,128,1.00":{"color":{"mode":"RGB","value":{"r":128,"g":128,"b":128}},"usedIn":["91f921b9-78f8-4337-998b-eda6d1bbc213","29797ce5-33de-48eb-89d8-668bead1d8b9","a3adce3b-b5ed-4116-b813-d01422010054"],"skip":false,"isFromAsset":false},"26,24,24,1.00":{"color":{"mode":"RGB","value":{"r":26,"g":24,"b":24}},"usedIn":["91f921b9-78f8-4337-998b-eda6d1bbc213","29797ce5-33de-48eb-89d8-668bead1d8b9","a3adce3b-b5ed-4116-b813-d01422010054"],"skip":false,"isFromAsset":false},"178,178,178,1.00":{"color":{"mode":"RGB","value":{"r":178,"g":178,"b":178}},"usedIn":["ba128bee-13c5-41b6-bb53-c99da5214e35"],"skip":false,"isFromAsset":false},"237,237,237,1.00":{"color":{"mode":"RGB","value":{"r":237,"g":237,"b":237}},"usedIn":["ba128bee-13c5-41b6-bb53-c99da5214e35"],"skip":false,"isFromAsset":false},"51,51,51,1.00":{"color":{"mode":"RGB","value":{"r":51,"g":51,"b":51}},"usedIn":["15afcdbf-b263-48dd-80a6-206b4bc0f651"],"skip":false,"isFromAsset":false},"112,112,112,1.00":{"color":{"mode":"RGB","value":{"r":112,"g":112,"b":112}},"usedIn":["15afcdbf-b263-48dd-80a6-206b4bc0f651","f15f080d-f9e9-464e-8b23-66d08e6c8f78"],"skip":false,"isFromAsset":false},"193,193,193,1.00":{"color":{"mode":"RGB","value":{"r":193,"g":193,"b":193}},"usedIn":["f0add60a-7ff3-452b-96bc-ab9f73a7260c"],"skip":false,"isFromAsset":false},"252,252,252,1.00":{"color":{"mode":"RGB","value":{"r":252,"g":252,"b":252}},"usedIn":["f0add60a-7ff3-452b-96bc-ab9f73a7260c"],"skip":false,"isFromAsset":false},"212,222,233,1.00":{"color":{"mode":"RGB","value":{"r":212,"g":222,"b":233}},"usedIn":["10685ac5-3965-4f72-95cf-d9f15ea05c0d"],"skip":false,"isFromAsset":false},"0,0,0,0.04":{"color":{"mode":"RGB","value":{"r":0,"g":0,"b":0},"alpha":0.0392156862745098},"usedIn":["10685ac5-3965-4f72-95cf-d9f15ea05c0d"],"skip":false,"isFromAsset":false},"197,197,197,1.00":{"color":{"mode":"RGB","value":{"r":197,"g":197,"b":197}},"usedIn":["10685ac5-3965-4f72-95cf-d9f15ea05c0d"],"skip":false,"isFromAsset":false},"147,157,168,1.00":{"color":{"mode":"RGB","value":{"r":147,"g":157,"b":168}},"usedIn":["10685ac5-3965-4f72-95cf-d9f15ea05c0d"],"skip":false,"isFromAsset":false},"117,117,117,1.00":{"color":{"mode":"RGB","value":{"r":117,"g":117,"b":117}},"usedIn":["10685ac5-3965-4f72-95cf-d9f15ea05c0d"],"skip":false,"isFromAsset":false},"246,247,250,1.00":{"color":{"mode":"RGB","value":{"r":246,"g":247,"b":250}},"usedIn":["10685ac5-3965-4f72-95cf-d9f15ea05c0d"],"skip":false,"isFromAsset":false},"0,0,0,0.16":{"color":{"mode":"RGB","value":{"r":0,"g":0,"b":0},"alpha":0.1607843137254902},"usedIn":["f15f080d-f9e9-464e-8b23-66d08e6c8f78"],"skip":false,"isFromAsset":false},"0,0,0,0.18":{"color":{"mode":"RGB","value":{"r":0,"g":0,"b":0},"alpha":0.1803921568627451},"usedIn":["f15f080d-f9e9-464e-8b23-66d08e6c8f78"],"skip":false,"isFromAsset":false}},"fonts":{"Audi Type":{"localizedFamilyName":"Audi Type","AudiType-Normal,Normal":{"12":{"usedIn":["f0add60a-7ff3-452b-96bc-ab9f73a7260c"],"skip":false},"13":{"usedIn":["15afcdbf-b263-48dd-80a6-206b4bc0f651"],"skip":false},"14":{"usedIn":["073792cc-f884-4eb4-9cf5-dc7a30eeda19","91f921b9-78f8-4337-998b-eda6d1bbc213","15afcdbf-b263-48dd-80a6-206b4bc0f651","29797ce5-33de-48eb-89d8-668bead1d8b9","10685ac5-3965-4f72-95cf-d9f15ea05c0d","a3adce3b-b5ed-4116-b813-d01422010054","f15f080d-f9e9-464e-8b23-66d08e6c8f78"],"skip":false},"16":{"usedIn":["91f921b9-78f8-4337-998b-eda6d1bbc213","29797ce5-33de-48eb-89d8-668bead1d8b9","a3adce3b-b5ed-4116-b813-d01422010054"],"skip":false}},"AudiType-Bold,Bold":{"16":{"usedIn":["91f921b9-78f8-4337-998b-eda6d1bbc213","29797ce5-33de-48eb-89d8-668bead1d8b9","a3adce3b-b5ed-4116-b813-d01422010054"],"skip":false}},"AudiType-ExtendedBold,Extended Bold":{"27":{"usedIn":["f15f080d-f9e9-464e-8b23-66d08e6c8f78"],"skip":false}}},"Audi Type Variable":{"localizedFamilyName":"Audi Type Variable","undefined,Wide Bold":{"16":{"usedIn":["91f921b9-78f8-4337-998b-eda6d1bbc213","29797ce5-33de-48eb-89d8-668bead1d8b9","a3adce3b-b5ed-4116-b813-d01422010054"],"skip":false}},"undefined,Normal":{"12":{"usedIn":["10685ac5-3965-4f72-95cf-d9f15ea05c0d"],"skip":false},"14":{"usedIn":["a3adce3b-b5ed-4116-b813-d01422010054"],"skip":false},"16":{"usedIn":["91f921b9-78f8-4337-998b-eda6d1bbc213","29797ce5-33de-48eb-89d8-668bead1d8b9","10685ac5-3965-4f72-95cf-d9f15ea05c0d","a3adce3b-b5ed-4116-b813-d01422010054","f15f080d-f9e9-464e-8b23-66d08e6c8f78"],"skip":false},"116":{"usedIn":["ba128bee-13c5-41b6-bb53-c99da5214e35"],"skip":false}},"undefined,Extended Normal":{"18":{"usedIn":["15afcdbf-b263-48dd-80a6-206b4bc0f651"],"skip":false}},"undefined,Extended Bold":{"16":{"usedIn":["10685ac5-3965-4f72-95cf-d9f15ea05c0d"],"skip":false},"35":{"usedIn":["15afcdbf-b263-48dd-80a6-206b4bc0f651"],"skip":false}},"undefined,Bold":{"12":{"usedIn":["10685ac5-3965-4f72-95cf-d9f15ea05c0d"],"skip":false},"16":{"usedIn":["f15f080d-f9e9-464e-8b23-66d08e6c8f78"],"skip":false}}},"Open Sans":{"localizedFamilyName":"Open Sans","OpenSans-SemiBold,SemiBold":{"11":{"usedIn":["10685ac5-3965-4f72-95cf-d9f15ea05c0d"],"skip":false},"13":{"usedIn":["10685ac5-3965-4f72-95cf-d9f15ea05c0d"],"skip":false},"22":{"usedIn":["10685ac5-3965-4f72-95cf-d9f15ea05c0d"],"skip":false}}}},"gradients":{},"exportedAssets":{},"characterStyles":{"propName":"charStyle","Audi Type":{"localizedFamilyName":"Audi Type","postscriptName":"AudiType-Normal","propName":"fontFamily","Normal":{"12":{"propName":"fontSize","252,252,252,1.00":{"0":{"16":{"propName":"lineSpacing","usedIn":["f0add60a-7ff3-452b-96bc-ab9f73a7260c"],"isFromAsset":false,"skip":false},"propName":"charSpacing"},"mode":"RGB","value":{"r":252,"g":252,"b":252},"propName":"fontColor","alpha":"1.00"}},"13":{"propName":"fontSize","112,112,112,1.00":{"0":{"19":{"propName":"lineSpacing","usedIn":["15afcdbf-b263-48dd-80a6-206b4bc0f651"],"isFromAsset":false,"skip":false},"propName":"charSpacing"},"mode":"RGB","value":{"r":112,"g":112,"b":112},"propName":"fontColor","alpha":"1.00"}},"14":{"propName":"fontSize","255,255,255,1.00":{"0":{"20":{"propName":"lineSpacing","usedIn":["073792cc-f884-4eb4-9cf5-dc7a30eeda19","91f921b9-78f8-4337-998b-eda6d1bbc213","15afcdbf-b263-48dd-80a6-206b4bc0f651","29797ce5-33de-48eb-89d8-668bead1d8b9","10685ac5-3965-4f72-95cf-d9f15ea05c0d","a3adce3b-b5ed-4116-b813-d01422010054","f15f080d-f9e9-464e-8b23-66d08e6c8f78"],"isFromAsset":false,"skip":false},"propName":"charSpacing"},"mode":"RGB","value":{"r":255,"g":255,"b":255},"propName":"fontColor","alpha":"1.00"},"51,51,51,1.00":{"0":{"20":{"propName":"lineSpacing","usedIn":["15afcdbf-b263-48dd-80a6-206b4bc0f651"],"isFromAsset":false,"skip":false},"propName":"charSpacing"},"mode":"RGB","value":{"r":51,"g":51,"b":51},"propName":"fontColor","alpha":"1.00"}},"16":{"propName":"fontSize","0,0,0,1.00":{"0":{"22":{"propName":"lineSpacing","usedIn":["91f921b9-78f8-4337-998b-eda6d1bbc213","29797ce5-33de-48eb-89d8-668bead1d8b9","a3adce3b-b5ed-4116-b813-d01422010054"],"isFromAsset":false,"skip":false},"propName":"charSpacing"},"mode":"RGB","value":{"r":0,"g":0,"b":0},"propName":"fontColor","alpha":"1.00"}},"propName":"fontStyle"},"Bold":{"16":{"propName":"fontSize","0,0,0,1.00":{"0":{"22":{"propName":"lineSpacing","usedIn":["91f921b9-78f8-4337-998b-eda6d1bbc213","29797ce5-33de-48eb-89d8-668bead1d8b9","a3adce3b-b5ed-4116-b813-d01422010054"],"isFromAsset":false,"skip":false},"propName":"charSpacing"},"mode":"RGB","value":{"r":0,"g":0,"b":0},"propName":"fontColor","alpha":"1.00"}},"propName":"fontStyle"},"Extended Bold":{"27":{"propName":"fontSize","0,0,0,1.00":{"0":{"37":{"propName":"lineSpacing","usedIn":["f15f080d-f9e9-464e-8b23-66d08e6c8f78"],"isFromAsset":false,"skip":false},"propName":"charSpacing"},"mode":"RGB","value":{"r":0,"g":0,"b":0},"propName":"fontColor","alpha":"1.00"}},"propName":"fontStyle"}},"Audi Type Variable":{"localizedFamilyName":"Audi Type Variable","propName":"fontFamily","Wide Bold":{"16":{"propName":"fontSize","0,0,0,1.00":{"14":{"24":{"propName":"lineSpacing","usedIn":["91f921b9-78f8-4337-998b-eda6d1bbc213","29797ce5-33de-48eb-89d8-668bead1d8b9","a3adce3b-b5ed-4116-b813-d01422010054"],"isFromAsset":false,"skip":false},"propName":"charSpacing"},"16":{"24":{"propName":"lineSpacing","usedIn":["91f921b9-78f8-4337-998b-eda6d1bbc213","29797ce5-33de-48eb-89d8-668bead1d8b9","a3adce3b-b5ed-4116-b813-d01422010054"],"isFromAsset":false,"skip":false},"propName":"charSpacing"},"mode":"RGB","value":{"r":0,"g":0,"b":0},"propName":"fontColor","alpha":"1.00"},"128,128,128,1.00":{"14":{"24":{"propName":"lineSpacing","usedIn":["91f921b9-78f8-4337-998b-eda6d1bbc213","29797ce5-33de-48eb-89d8-668bead1d8b9","a3adce3b-b5ed-4116-b813-d01422010054"],"isFromAsset":false,"skip":false},"propName":"charSpacing"},"mode":"RGB","value":{"r":128,"g":128,"b":128},"propName":"fontColor","alpha":"1.00"}},"propName":"fontStyle"},"Normal":{"12":{"propName":"fontSize","117,117,117,1.00":{"0":{"20":{"propName":"lineSpacing","usedIn":["10685ac5-3965-4f72-95cf-d9f15ea05c0d"],"isFromAsset":false,"skip":false},"propName":"charSpacing"},"mode":"RGB","value":{"r":117,"g":117,"b":117},"propName":"fontColor","alpha":"1.00"},"0,0,0,1.00":{"0":{"20":{"propName":"lineSpacing","usedIn":["10685ac5-3965-4f72-95cf-d9f15ea05c0d"],"isFromAsset":false,"skip":false,"underLine":{"propName":"decoration","usedIn":["10685ac5-3965-4f72-95cf-d9f15ea05c0d"],"isFromAsset":false,"skip":false}},"propName":"charSpacing"},"mode":"RGB","value":{"r":0,"g":0,"b":0},"propName":"fontColor","alpha":"1.00"}},"14":{"propName":"fontSize","0,0,0,1.00":{"27":{"24":{"propName":"lineSpacing","underLine":{"propName":"decoration","usedIn":["a3adce3b-b5ed-4116-b813-d01422010054"],"isFromAsset":false,"skip":false}},"propName":"charSpacing"},"mode":"RGB","value":{"r":0,"g":0,"b":0},"propName":"fontColor","alpha":"1.00"}},"16":{"propName":"fontSize","0,0,0,1.00":{"27":{"24":{"propName":"lineSpacing","usedIn":["91f921b9-78f8-4337-998b-eda6d1bbc213","29797ce5-33de-48eb-89d8-668bead1d8b9","a3adce3b-b5ed-4116-b813-d01422010054","f15f080d-f9e9-464e-8b23-66d08e6c8f78"],"isFromAsset":false,"skip":false,"underLine":{"propName":"decoration","usedIn":["91f921b9-78f8-4337-998b-eda6d1bbc213","29797ce5-33de-48eb-89d8-668bead1d8b9","a3adce3b-b5ed-4116-b813-d01422010054"],"isFromAsset":false,"skip":false}},"propName":"charSpacing"},"mode":"RGB","value":{"r":0,"g":0,"b":0},"propName":"fontColor","alpha":"1.00","-10":{"24":{"propName":"lineSpacing","usedIn":["10685ac5-3965-4f72-95cf-d9f15ea05c0d"],"isFromAsset":false,"skip":false},"propName":"charSpacing"}}},"116":{"propName":"fontSize","178,178,178,1.00":{"27":{"174":{"propName":"lineSpacing","usedIn":["ba128bee-13c5-41b6-bb53-c99da5214e35"],"isFromAsset":false,"skip":false},"propName":"charSpacing"},"mode":"RGB","value":{"r":178,"g":178,"b":178},"propName":"fontColor","alpha":"1.00"}},"propName":"fontStyle"},"Extended Normal":{"18":{"propName":"fontSize","51,51,51,1.00":{"0":{"40":{"propName":"lineSpacing","usedIn":["15afcdbf-b263-48dd-80a6-206b4bc0f651"],"isFromAsset":false,"skip":false},"propName":"charSpacing"},"mode":"RGB","value":{"r":51,"g":51,"b":51},"propName":"fontColor","alpha":"1.00"}},"propName":"fontStyle"},"Extended Bold":{"16":{"propName":"fontSize","0,0,0,1.00":{"0":{"38":{"propName":"lineSpacing","usedIn":["10685ac5-3965-4f72-95cf-d9f15ea05c0d"],"isFromAsset":false,"skip":false},"propName":"charSpacing"},"mode":"RGB","value":{"r":0,"g":0,"b":0},"propName":"fontColor","alpha":"1.00","-10":{"24":{"propName":"lineSpacing","usedIn":["10685ac5-3965-4f72-95cf-d9f15ea05c0d"],"isFromAsset":false,"skip":false},"propName":"charSpacing"}}},"35":{"propName":"fontSize","51,51,51,1.00":{"27":{"40":{"propName":"lineSpacing","usedIn":["15afcdbf-b263-48dd-80a6-206b4bc0f651"],"isFromAsset":false,"skip":false},"propName":"charSpacing"},"mode":"RGB","value":{"r":51,"g":51,"b":51},"propName":"fontColor","alpha":"1.00"}},"propName":"fontStyle"},"Bold":{"12":{"propName":"fontSize","0,0,0,1.00":{"0":{"20":{"propName":"lineSpacing","usedIn":["10685ac5-3965-4f72-95cf-d9f15ea05c0d"],"isFromAsset":false,"skip":false},"propName":"charSpacing"},"mode":"RGB","value":{"r":0,"g":0,"b":0},"propName":"fontColor","alpha":"1.00"}},"16":{"propName":"fontSize","0,0,0,1.00":{"27":{"24":{"propName":"lineSpacing","usedIn":["f15f080d-f9e9-464e-8b23-66d08e6c8f78"],"isFromAsset":false,"skip":false},"propName":"charSpacing"},"mode":"RGB","value":{"r":0,"g":0,"b":0},"propName":"fontColor","alpha":"1.00"}},"propName":"fontStyle"}},"Open Sans":{"localizedFamilyName":"Open Sans","postscriptName":"OpenSans-SemiBold","propName":"fontFamily","SemiBold":{"11":{"propName":"fontSize","147,157,168,1.00":{"0":{"23":{"propName":"lineSpacing","usedIn":["10685ac5-3965-4f72-95cf-d9f15ea05c0d"],"isFromAsset":false,"skip":false},"propName":"charSpacing"},"mode":"RGB","value":{"r":147,"g":157,"b":168},"propName":"fontColor","alpha":"1.00"}},"13":{"propName":"fontSize","147,157,168,1.00":{"0":{"23":{"propName":"lineSpacing","usedIn":["10685ac5-3965-4f72-95cf-d9f15ea05c0d"],"isFromAsset":false,"skip":false},"propName":"charSpacing"},"mode":"RGB","value":{"r":147,"g":157,"b":168},"propName":"fontColor","alpha":"1.00"}},"22":{"propName":"fontSize","147,157,168,1.00":{"0":{"38":{"propName":"lineSpacing","usedIn":["10685ac5-3965-4f72-95cf-d9f15ea05c0d"],"isFromAsset":false,"skip":false},"propName":"charSpacing"},"mode":"RGB","value":{"r":147,"g":157,"b":168},"propName":"fontColor","alpha":"1.00"}},"propName":"fontStyle"}}},"symbols":{"0b25c3f3-eb9d-47fb-b767-18ea3c46631e":{"usedIn":["91f921b9-78f8-4337-998b-eda6d1bbc213","29797ce5-33de-48eb-89d8-668bead1d8b9","a3adce3b-b5ed-4116-b813-d01422010054"],"states":[{"stateId":"0b25c3f3-eb9d-47fb-b767-18ea3c46631e","stateName":"Default State","default":true},{"stateId":"0194feb7-eefe-493a-9386-2af29363345f","stateName":"Hover"}]}},"uxdesign#version":"0.9"}