{"version":"0.24","interactions":{"da6bb8d7-91c7-4241-b032-5abd44588462":[{"properties":{"transition":"auto-animate","duration":0.30000001192092896,"easing":"ease-out","destination":"0194feb7-eefe-493a-9386-2af29363345f","voiceLocale":"en-us"},"triggerEvent":"hover","action":"state-transition","id":"336dc5d6-9864-4fd2-9b3f-f8b3f1299eb7","artboards":["a3adce3b-b5ed-4116-b813-d01422010054","29797ce5-33de-48eb-89d8-668bead1d8b9","91f921b9-78f8-4337-998b-eda6d1bbc213"]}],"ea581887-465f-484d-b073-00629d74c379":[{"properties":{"transition":"none","duration":0.30000001192092896,"easing":"ease-out","preserveScrollPosition":false,"destination":"ba128bee-13c5-41b6-bb53-c99da5214e35","voiceLocale":"en-us"},"triggerEvent":"tap","action":"artboard-transition","id":"76acb7bf-546d-4f78-ad5d-4b421fb274eb","artboards":["29797ce5-33de-48eb-89d8-668bead1d8b9"]}],"0a8cb5d6-607c-416c-962f-792dfdbdcacd":[{"properties":{"transition":"none","duration":0.30000001192092896,"easing":"ease-out","preserveScrollPosition":false,"destination":"073792cc-f884-4eb4-9cf5-dc7a30eeda19","voiceLocale":"en-us"},"triggerEvent":"tap","action":"artboard-transition","id":"46d1fcb0-c15a-45e1-a6cb-b87f8ce266c4","artboards":["f8f7d303-c3dd-4029-9b88-eb51b1e2ee2d"]}],"f5c02abc-d89c-4795-a8a6-f4f2f9146a98":[{"properties":{"transition":"none","duration":0.30000001192092896,"easing":"ease-out","preserveScrollPosition":false,"destination":"f8f7d303-c3dd-4029-9b88-eb51b1e2ee2d","voiceLocale":"en-us"},"triggerEvent":"tap","action":"artboard-transition","id":"f36c4eaa-fd7d-4176-8874-c007ef024380","artboards":["effd2bdf-34c5-412c-a7c1-d8f2f12fc6a0"]}],"ba128bee-13c5-41b6-bb53-c99da5214e35":[{"properties":{"transition":"none","duration":0.30000001192092896,"easing":"ease-out","preserveScrollPosition":false,"destination":"15afcdbf-b263-48dd-80a6-206b4bc0f651","voiceLocale":"en-us"},"triggerEvent":"tap","action":"artboard-transition","id":"51921de3-a8da-4e52-9072-c0719bde92c5","artboards":["ba128bee-13c5-41b6-bb53-c99da5214e35"]}],"15afcdbf-b263-48dd-80a6-206b4bc0f651":[{"properties":{"transition":"none","duration":0.30000001192092896,"easing":"ease-out","preserveScrollPosition":false,"destination":"f0add60a-7ff3-452b-96bc-ab9f73a7260c","voiceLocale":"en-us"},"triggerEvent":"tap","action":"artboard-transition","id":"0516b974-5a7d-4591-97d4-75ce1d7dbc12","artboards":["15afcdbf-b263-48dd-80a6-206b4bc0f651"]}],"844a1405-6b49-4332-be1a-20365092a4ad":[{"properties":{"transition":"none","duration":0.30000001192092896,"easing":"ease-out","destination":"f15f080d-f9e9-464e-8b23-66d08e6c8f78","overlayPosition":{"x":0,"y":0},"voiceLocale":"en-us"},"triggerEvent":"tap","action":"overlay-transition","id":"4730e127-9403-42df-9c51-8aebd5286227","artboards":["073792cc-f884-4eb4-9cf5-dc7a30eeda19"]}],"f15f080d-f9e9-464e-8b23-66d08e6c8f78":[{"properties":{"voiceLocale":"en-us"},"triggerEvent":"tap","action":"previous-artboard","id":"fbd9f6bf-8356-488e-bda8-c4038a44ea61","artboards":["f15f080d-f9e9-464e-8b23-66d08e6c8f78"]}],"75853b58-9832-4ff9-a717-f1ebbad7ce04":[{"properties":{"transition":"none","duration":0.30000001192092896,"easing":"ease-out","preserveScrollPosition":false,"destination":"29797ce5-33de-48eb-89d8-668bead1d8b9","voiceLocale":"en-us"},"triggerEvent":"tap","action":"artboard-transition","id":"6dccbec2-b6b6-4c2a-b83d-ae5f16abf226","artboards":["439e3ed6-2a3e-4129-85ea-7b0e67c113d2"]},{"properties":{"transition":"dissolve","duration":0.30000001192092896,"easing":"ease-out","preserveScrollPosition":false,"destination":"91f921b9-78f8-4337-998b-eda6d1bbc213","voiceLocale":"en-us"},"triggerEvent":"drag","action":"auto-animate","id":"76895216-265e-4e44-8050-5be223b3e8c3","artboards":["439e3ed6-2a3e-4129-85ea-7b0e67c113d2"]}],"6ef0f1cc-8a4c-41ef-8686-efd349410cef":[{"properties":{"transition":"none","duration":0.30000001192092896,"easing":"ease-out","preserveScrollPosition":false,"destination":"439e3ed6-2a3e-4129-85ea-7b0e67c113d2","voiceLocale":"en-us"},"triggerEvent":"tap","action":"artboard-transition","id":"2b179467-757c-46e4-84ce-b6cd7b216207","artboards":["a3adce3b-b5ed-4116-b813-d01422010054"]}],"02f367fa-a237-4e0a-a097-a0a98b96f1d4":[{"properties":{"transition":"none","duration":0.30000001192092896,"easing":"ease-out","preserveScrollPosition":false,"destination":"ba128bee-13c5-41b6-bb53-c99da5214e35","voiceLocale":"en-us"},"triggerEvent":"tap","action":"artboard-transition","id":"a144864a-9288-416b-9355-d7214af6611b","artboards":["91f921b9-78f8-4337-998b-eda6d1bbc213"]}],"f56ecabc-3667-4cf8-ab03-1fdb7eb9986a":[{"properties":{"transition":"none","duration":0.30000001192092896,"easing":"ease-out","preserveScrollPosition":false,"destination":"a3adce3b-b5ed-4116-b813-d01422010054","voiceLocale":"en-us"},"triggerEvent":"tap","action":"artboard-transition","id":"e7587e8e-e729-4265-a75a-f90e95b2e266","artboards":["073792cc-f884-4eb4-9cf5-dc7a30eeda19"]}],"081e5944-eff0-49f9-9762-ca74e4840d49":[{"properties":{"transition":"dissolve","duration":0.30000001192092896,"easing":"ease-out","preserveScrollPosition":false,"destination":"10685ac5-3965-4f72-95cf-d9f15ea05c0d","voiceLocale":"en-us"},"triggerEvent":"tap","action":"artboard-transition","id":"f2abe96a-8107-4a54-bf97-bbc2f983ed7f","artboards":["f0add60a-7ff3-452b-96bc-ab9f73a7260c"]}],"a3de7cfa-34e8-4a5e-94d0-31cf3fb5e3d5":[{"properties":{"transition":"none","duration":0.30000001192092896,"easing":"ease-out","preserveScrollPosition":false,"destination":"a3adce3b-b5ed-4116-b813-d01422010054","voiceLocale":"en-us"},"triggerEvent":"tap","action":"artboard-transition","id":"fa1bfcb9-9612-40e7-bfa5-3780469adfe8","artboards":["f15f080d-f9e9-464e-8b23-66d08e6c8f78"]}],"d08da03d-041c-4025-9abb-34765290ff68":[{"properties":{"transition":"none","duration":0.30000001192092896,"easing":"ease-out","preserveScrollPosition":false,"destination":"439e3ed6-2a3e-4129-85ea-7b0e67c113d2","voiceLocale":"en-us"},"triggerEvent":"tap","action":"artboard-transition","id":"4e7f6b75-2fde-4952-9d2e-f26dad61d208","artboards":["a3adce3b-b5ed-4116-b813-d01422010054"]}]}}